{"cameraMode":{"drawMode":0,"name":"Shaded","section":"Shading Mode"},"sceneLighting":true,"audioPlay":false,"sceneViewState":{"m_AlwaysRefresh":false,"showFog":true,"showSkybox":true,"showFlares":true,"showImageEffects":true,"showParticleSystems":true,"showVisualEffectGraphs":true,"m_FxEnabled":false},"in2DMode":false,"pivot":{"x":2.680708408355713,"y":-0.10688495635986328,"z":11.058152198791504},"rotation":{"x":-0.005362697411328554,"y":-0.11614340543746948,"z":0.0006230014842003584,"w":-0.9932259917259216},"size":6.876590251922607,"orthographic":false}