{"cameraMode":{"drawMode":0,"name":"Shaded","section":"Shading Mode"},"sceneLighting":true,"audioPlay":false,"sceneViewState":{"m_AlwaysRefresh":false,"showFog":true,"showSkybox":true,"showFlares":true,"showImageEffects":true,"showParticleSystems":true,"showVisualEffectGraphs":true,"m_FxEnabled":false},"in2DMode":false,"pivot":{"x":-20.78738021850586,"y":-14.858305931091309,"z":18.010732650756837},"rotation":{"x":0.22270601987838746,"y":-0.39937591552734377,"z":0.10065905749797821,"w":0.8836120963096619},"size":16.669584274291993,"orthographic":false}